date,open,high,low,close,adj_close,volume,daily_return,sma20,sma50,rsi14,volatility,signal,strategy_return
2023-01-01,149.84392075219267,150.97024532843753,149.46680243147154,150.08011696184093,150.08011696184093,4846857,0.0,,,,,SELL,0.0
2023-01-02,149.652193663531,151.7236565478026,148.45239986996154,149.8282331743021,149.8282331743021,3112760,-0.0016783288328783286,,,,,SELL,0.0
2023-01-03,148.83757569142622,150.15863527551076,148.7670609401414,148.95784504131848,148.95784504131848,1252531,-0.005809239784407505,,,,,SELL,0.0
2023-01-04,149.22561985973678,150.12351071352435,148.58996760959542,149.0194529200147,149.0194529200147,4289863,0.0004135927092603353,,,,,SELL,0.0
2023-01-05,151.2258705434688,149.91180956484968,147.8694983700558,149.2478274851731,149.2478274851731,3561047,0.0015325151225793476,,,,,SELL,0.0
2023-01-06,150.13876557741105,150.89270538493824,148.62153789288055,149.2105741573911,149.2105741573911,1137940,-0.0002496071695630153,,,,,SELL,0.0
2023-01-07,149.27725265961513,148.17389419359372,145.55875028742346,147.474233750312,147.474233750312,1226979,-0.011636845557926434,,,,,SELL,0.0
2023-01-08,148.18367320602496,149.501165627394,147.00801669396583,148.2255598007302,148.2255598007302,1703098,0.005094625897092309,,,,,SELL,0.0
2023-01-09,148.49219782139502,149.64763565492075,147.49720171791378,149.01536706785427,149.01536706785427,1059248,0.005328414803667192,,,,,SELL,0.0
2023-01-10,147.89081795036674,151.79418844020978,147.93029209709812,149.82150363231742,149.82150363231742,3884151,0.005409754579848602,,,,,SELL,0.0
2023-01-11,154.54153943515865,152.6779574235984,150.5652200013971,152.55687295426765,152.55687295426765,4364496,0.018257521488124873,,,,,SELL,0.0
2023-01-12,150.98226395624746,154.8440863524398,151.56957225105168,153.0890343640481,153.0890343640481,3599566,0.003488282104077811,,,,,SELL,0.0
2023-01-13,151.00216045310373,152.80355817196494,152.66107116996687,152.72963013471502,152.72963013471502,1334472,-0.0023476810787009805,,,,,SELL,0.0
2023-01-14,151.99392296758577,154.20897484405572,150.47144620879473,152.36366787895594,152.36366787895594,4231270,-0.0023961444510557373,,,66.34961209379543,,SELL,0.0
2023-01-15,151.95818766725,151.71596010853582,151.45491695841372,151.54508539723653,151.54508539723653,3106356,-0.005372556942969675,,,58.598276993899816,,SELL,0.0
2023-01-16,152.9870587590734,151.49712129858312,149.76760624087856,150.1875447996151,150.1875447996151,3565923,-0.0089579981697393,,,48.482520290629544,,SELL,0.0
2023-01-17,149.1849464450369,151.03233907798275,148.5966358723167,149.27915403834712,149.27915403834712,4137289,-0.006048376131855604,,,43.118595266339796,,SELL,0.0
2023-01-18,151.37997102661535,150.3588709298698,148.21630995131974,150.06183243252875,150.06183243252875,1666497,0.005243052181154395,,,48.41428226661074,,SELL,0.0
2023-01-19,150.2001751721515,149.89534734803019,149.78558666213465,149.85744841002315,149.85744841002315,4230830,-0.0013619987120808696,,,47.17904767305851,,SELL,0.0
2023-01-20,149.89524609881323,151.62329477325642,148.68112361813056,150.08300126854394,150.08300126854394,4083993,0.0015051161014276726,150.1316992834768,,48.73356352555898,,SELL,0.0
2023-01-21,145.9482791516048,149.7080049484191,147.43481064592976,148.09819382251194,148.09819382251194,2810544,-0.01322473184341888,150.03260312651034,,38.10593666158017,0.007104202069237909,SELL,0.0
2023-01-22,148.3974181015054,149.76126936719925,147.38433366452244,148.94883735289292,148.94883735289292,4095696,0.005743780585200309,149.98863333543989,,43.76599668677908,0.007239700810167031,SELL,0.0
2023-01-23,152.2018019219239,152.47796417881426,149.98559230934552,150.72040476316891,150.72040476316891,2572122,0.0118937981776841,150.0767613215324,,53.336670731032704,0.007599988587692909,SELL,0.0
2023-01-24,150.05616254783948,152.52610020557228,149.42247758328332,150.63533699191527,150.63533699191527,2892404,-0.000564407794600319,150.1575555251274,,52.871346201138536,0.007604502603783318,SELL,0.0
2023-01-25,149.731323968696,150.903220289715,148.94447780763267,149.90656220813872,149.90656220813872,2566859,-0.004838006793954741,150.1904922612757,,48.93274013224139,0.007694807604734401,SELL,0.0
2023-01-26,150.3352115202762,151.38598410416176,149.81430052544047,150.324216677244,150.324216677244,4755730,0.0027860986400674026,150.24617438726835,,51.17740503054005,0.007714384905565169,SELL,0.0
2023-01-27,148.4359898805635,151.5070298905186,148.44310031155362,149.59950652612574,149.59950652612574,4582982,-0.004820980725110169,150.35243802605902,,47.29289080567374,0.007293731938850968,SELL,0.0
2023-01-28,150.88592411955392,150.14680581964987,148.15476383349178,149.0910385871787,149.0910385871787,4012659,-0.003398861070830095,150.39571196538145,,44.72770413587931,0.007274133483306557,SELL,0.0
2023-01-29,148.48489919509632,149.20133907648557,146.59479798649855,147.6525898207649,147.6525898207649,4183571,-0.009648123589753532,150.327573103027,,38.38467773122985,0.007498414096262638,SELL,0.0
2023-01-30,147.52780151606643,147.34349952144427,145.89867478283597,146.9275729793175,146.9275729793175,1632665,-0.004910288687299702,150.182876570377,,35.641146203853936,0.007429985518278371,SELL,0.0
2023-01-31,149.17243208901354,150.69174674573478,147.74882118245435,148.70802796670083,148.70802796670083,1583409,0.01211790919349065,149.99043432099865,,45.87258934951379,0.006684083679524057,SELL,0.0
2023-02-01,151.4390339969225,150.23716853592853,148.4601770726295,149.1734435409817,149.1734435409817,2520327,0.0031297272961288147,149.79465477984533,,48.191194369151866,0.006671158519268189,SELL,0.0
2023-02-02,148.01313409303543,149.4467971904297,147.60591517691293,148.33814788541667,148.33814788541667,1844726,-0.005599493017908075,149.5750806673804,,44.50637865723894,0.006738007597280857,SELL,0.0
2023-02-03,150.5565614348906,150.43548764101467,148.46312910637792,149.50594163357243,149.50594163357243,3060292,0.007872511318247177,149.43219435511122,,50.23538540914952,0.0070452334569871605,SELL,0.0
2023-02-04,149.4245227519752,149.34653325462793,147.26047831621923,148.64363715469128,148.64363715469128,4316288,-0.005767693708084165,149.287121942984,,46.42420163520226,0.007058909682054937,SELL,0.0
2023-02-05,148.17109436041108,151.00667478270452,149.27477315982298,150.65940612050582,150.65940612050582,4079135,0.013561084782369504,149.31071500902854,,55.015816330016335,0.007495556196094467,SELL,0.0
2023-02-06,149.8740326612951,150.26946828783917,148.27875666844855,149.3571242128466,149.3571242128466,4027529,-0.008643880532872794,149.3146135177535,,49.49370632923407,0.007630387504962765,SELL,0.0
2023-02-07,151.69764606464028,151.30520698646544,149.19156745592306,150.35383329822602,150.35383329822602,3522670,0.00667332804265186,149.32921356103836,,53.352847974718834,0.007688067252323397,SELL,0.0
2023-02-08,150.05531143001522,151.93601691551123,149.98702638358984,150.66889028752033,150.66889028752033,4300479,0.0020954370260011235,149.36978565491322,,54.535409879675434,0.007691736021213919,SELL,0.0
2023-02-09,147.78866275630617,149.3528532229198,147.24845030124777,148.5010255673371,148.5010255673371,1167599,-0.014388270306141537,149.2906868698529,,45.9107683307475,0.008353052923449353,SELL,0.0
2023-02-10,148.66127884099484,150.0225167696684,147.98706287787454,148.86282425195535,148.86282425195535,1420441,0.002436337952792078,149.32891839132503,,47.40569765353521,0.007813713423142176,SELL,0.0
2023-02-11,147.8753232432625,149.40189469072422,147.29060947752689,149.08981306082123,149.08981306082123,3562773,0.0015248186376048967,149.33596717672145,,48.369827592534115,0.0077149539489418965,SELL,0.0
2023-02-12,148.87113019320424,148.72247479913796,147.31860202073725,148.70705514933888,148.70705514933888,3779632,-0.002567297547862668,149.23529969602993,,46.8115170807007,0.007210180404300352,SELL,0.0
2023-02-13,148.32448343372715,148.9820987423272,147.36955310488557,147.6577247253128,147.6577247253128,3482952,-0.007056359383704525,149.08641908269982,,42.74572709655342,0.007350999206223161,SELL,0.0
2023-02-14,148.62964822337318,149.14782110570738,147.4948652801955,148.25850864420437,148.25850864420437,2566873,0.004068760506835689,149.00401640450312,,45.6560052750992,0.007374226502145552,SELL,0.0
2023-02-15,148.33962289111668,148.5276132370305,147.6817360595374,148.1169478226785,148.1169478226785,2647684,-0.0009548242648629301,148.89365296177485,,45.07461457663736,0.007333102961634184,SELL,0.0
2023-02-16,149.1168052637112,148.41251477359046,146.27632667329294,147.90728556673554,147.90728556673554,1837711,-0.0014155183388869785,148.80904191380534,,44.17732737838951,0.007271998393697426,SELL,0.0
2023-02-17,146.12381918501924,148.38151978983393,145.60831559592805,147.11062420279333,147.11062420279333,3966763,-0.00538622124589494,148.71002119458606,,40.849757977575486,0.007326442721435773,SELL,0.0
2023-02-18,146.81966427150962,148.6508124282201,146.15512426716404,146.70319961881896,146.70319961881896,4477131,-0.0027695116255691543,148.66255168448873,,39.22262697603197,0.007037198883769514,SELL,0.0
2023-02-19,147.6197824898467,147.93270341996026,145.1949613240276,147.10656032081104,147.10656032081104,4212757,0.0027495017357503926,148.67150105156344,149.35936532860126,41.69858437906692,0.006981240006410939,SELL,0.0
2023-02-20,148.43633849004502,149.46623503803403,146.697728015825,148.2098986110073,148.2098986110073,3836414,0.0075002657107208215,148.64659458377875,149.32196096158458,47.94541874243544,0.006629823303090747,SELL,0.0
2023-02-21,149.36891121794883,148.94330056437124,147.48690194105686,148.27824281248692,148.27824281248692,2253501,0.0004611311533178064,148.60183454735403,149.29096115434828,48.314842145387075,0.006587125067181635,SELL,0.0
2023-02-22,147.50856381730136,149.11346040901392,146.94372924893707,148.39737252634077,148.39737252634077,2434409,0.0008034200540432135,148.60479577940023,149.27975170404875,48.99433820480448,0.0064695432927679005,SELL,0.0
2023-02-23,149.618094739118,149.13729465223787,146.442153795657,148.28183638807803,148.28183638807803,3769051,-0.0007785591907446543,148.54359051712552,149.26499937340998,48.33070718559197,0.006201960617102159,SELL,0.0
2023-02-24,148.81742300103673,148.485032408378,147.0317772576892,148.37980685151098,148.37980685151098,1470988,0.0006607044114057548,148.5303990019665,149.24763896073674,48.962008014378654,0.006073995109824575,SELL,0.0
2023-02-25,146.25858519919313,147.3191711525532,145.19467851400202,146.27404305811214,146.27404305811214,1370686,-0.01419171407539399,148.3111308488468,149.18890833875116,38.16761861185141,0.005964849521623552,SELL,0.0
2023-02-26,147.38463688973042,147.1415934770557,145.54032251472358,146.10334241893585,146.10334241893585,4205974,-0.0011669920076555762,148.14844175915127,149.16149051212363,37.44690135077951,0.0057201195047857645,SELL,0.0
2023-02-27,148.52261387736888,148.0989306347852,144.2531519442638,146.09958857251232,146.09958857251232,4120913,-2.5693090667133767e-05,147.93572952286559,149.1189710875593,37.43016280930624,0.005430717515072722,SELL,0.0
2023-02-28,144.93478847816158,147.17606354389557,144.77780067116421,146.18696229643876,146.18696229643876,1122912,0.0005980422311941958,147.71163312331151,149.06240299213098,38.12345579298066,0.005389869453624335,SELL,0.0
2023-03-01,148.69463377412384,148.9526475644066,145.4059420590898,147.2587004535487,147.2587004535487,3139046,0.0073312841328261324,147.64951686762208,149.0111469285556,46.02380957956998,0.0048124766124436474,SELL,0.0
2023-03-02,146.22048087732628,147.74837629245633,146.00007626170813,147.09268820948515,147.09268820948515,4157411,-0.0011273510057622227,147.56101006549858,148.90186323365998,45.06399727800994,0.0047673469365951335,SELL,0.0
2023-03-03,146.23345701542712,147.80954290278058,145.01204917039482,146.84768821218813,146.84768821218813,3796077,-0.0016656164237619508,147.44890382306693,148.77703631062275,43.61828143347977,0.0047462913882261185,SELL,0.0
2023-03-04,147.0204594379135,146.48704414298018,146.4039763581146,146.43800314738817,146.43800314738817,3751147,-0.002789863904482992,147.3354512229694,148.6512037708762,41.235971844145304,0.004751043407438473,SELL,0.0
2023-03-05,145.73133520764884,147.50743262615717,145.55912615511627,146.15915493367373,146.15915493367373,2275568,-0.001904206611133441,147.26052273338743,148.52711351197055,39.64866588964558,0.004525893709160153,SELL,0.0
2023-03-06,144.84567498098778,147.00287088061006,143.82513162766097,145.75583795482163,145.75583795482163,4594321,-0.002759436992059272,147.1353891989183,148.41132856312228,37.405881002947204,0.004419387966407723,SELL,0.0
2023-03-07,143.41176644621723,146.6425452115043,144.19338788700608,145.28699121866302,145.28699121866302,3542089,-0.0032166583701705997,146.99389136871753,148.31331749150323,34.93214488469556,0.004451264089814373,SELL,0.0
2023-03-08,146.58761640674422,147.21772582215598,145.85822543241625,145.96574020480676,145.96574020480676,2877849,0.004671780869370368,146.89681410062107,148.24704921483243,41.01386465827478,0.004622899796733993,SELL,0.0
2023-03-09,145.76965072863567,147.13413021236926,144.97721600246217,145.63626782824448,145.63626782824448,2359739,-0.0022571897768612903,146.82309628189364,148.15853792274675,39.10327448826165,0.004505647656122766,SELL,0.0
2023-03-10,147.63307740776858,149.34646389311868,146.28961473139495,147.8465391719658,147.8465391719658,3749947,0.015176654666322342,146.880263259551,148.1183197379856,54.437336546425044,0.005666144082304456,SELL,0.0
2023-03-11,147.15563231415305,147.9816399041398,147.28038802813572,147.60549548746005,147.60549548746005,3745389,-0.0016303640643584583,146.90521001788343,148.06876962236393,52.873692959370274,0.005655328584994318,SELL,0.0
2023-03-12,147.2621841219592,148.16819759578854,146.71223712210374,147.04929867805097,147.04929867805097,2736704,-0.003768130770282374,146.8471800212356,148.04779171947473,49.35115531416959,0.005445547203446839,SELL,0.0
2023-03-13,148.32810311406845,148.7816274953449,148.19638774034928,148.68947972063845,148.68947972063845,1454276,0.01115395351989057,146.8677418666432,148.04260456682962,58.19585887462798,0.00602630527181378,SELL,0.0
2023-03-14,147.50092212407537,148.26196273153036,146.43041307232613,148.09336508338728,148.09336508338728,2926591,-0.004009124508143835,146.8525414944955,147.99006377323397,54.47266988651907,0.0060947733113511406,SELL,0.0
2023-03-15,148.62339374790758,147.8154428343593,146.71292463576566,147.66863550485257,147.66863550485257,3648996,-0.002867985194985323,146.82188145033425,147.93072974349272,51.92374849933041,0.006125120781638582,SELL,0.0
2023-03-16,148.67395203722637,149.04460158971224,147.6831056358789,148.55983148747285,148.55983148747285,3801570,0.006035106775202692,146.8308826821323,147.9037951290794,56.521042695307536,0.006280305617138224,SELL,0.0
2023-03-17,148.4258283123987,150.7679806937932,148.96574998770953,149.7025796021657,149.7025796021657,2230108,0.007692174279217756,147.00230950933502,147.89136238757786,61.59267475019097,0.0055238727532978165,SELL,0.0
2023-03-18,149.29366505284145,150.65711510684343,148.44357854965673,149.48526490532797,149.48526490532797,2115319,-0.0014516429671102005,147.17140563365462,147.8890775551619,60.15563687422848,0.005530583228371376,SELL,0.0
2023-03-19,148.80475606891468,150.27245804361038,149.21071751969947,149.4679006097719,149.4679006097719,3365704,-0.00011616058323249412,147.3398212355176,147.89661479561374,60.03510631016944,0.005531640308318469,SELL,0.0
2023-03-20,150.5800089404192,150.0939197009091,148.97025172080907,149.67100673655764,149.67100673655764,3181176,0.0013588611732495703,147.51402345752354,147.9369831339296,61.0189474079445,0.005530226134545884,SELL,0.0
2023-03-21,148.84563150744987,149.34613930362897,147.87953380029504,148.8722437415315,148.8722437415315,3355620,-0.005336791757084236,147.5947006219227,147.97587654917388,55.2576739002996,0.005515601323963606,SELL,0.0
2023-03-22,149.86368717024752,150.52584546340046,147.78763269134237,149.26156297205318,149.26156297205318,1923892,0.0026151230124376035,147.70314436005108,147.98694724928095,57.37037425100996,0.005518847423370667,SELL,0.0
2023-03-23,148.35781949928716,149.39718943883915,146.48818254641304,148.3139894655629,148.3139894655629,1228227,-0.006348409380301678,147.77645942271982,147.96975816777257,51.051760536852676,0.005722159569467437,SELL,0.0
2023-03-24,147.91609676686716,149.61413997666398,146.6312143546221,148.39024589837243,148.39024589837243,1854629,0.0005141553610976679,147.87407156026904,147.97080012803167,51.51456092547569,0.005669254217495894,SELL,0.0
2023-03-25,148.4350037755868,149.6326915493618,148.70168514908113,148.71017586533773,148.71017586533773,1481803,0.002156004021884428,148.00162260685224,147.95488481266696,53.5009478951366,0.005644579281820262,BUY,0.002156004021884428
2023-03-26,151.51499220204215,149.57481675241743,149.2331439439103,149.44841570715917,149.44841570715917,4550538,0.004964285984638606,148.1862514944691,147.97098038371635,57.79748080684192,0.005646648374839336,BUY,0.004964285984638606
2023-03-27,148.45798351305498,149.04362105511453,147.32665862656117,148.03029602611377,148.03029602611377,4882626,-0.00948902451949818,148.32341673484166,147.9183981818285,48.522423260356966,0.006067285565034061,BUY,-0.00948902451949818
2023-03-28,150.75268714464278,149.24433896162208,147.22319037013335,149.21959955887485,149.21959955887485,4233329,0.008034190058981316,148.48610970254506,147.91564768874906,55.038851379004285,0.0062204021640677315,BUY,0.008034190058981316
2023-03-29,148.88917676237787,149.279449867389,146.24461282509063,147.75458656471287,147.75458656471287,4839646,-0.009817832231777013,148.5920256393685,147.8636627540788,47.125180379904045,0.006651342071766987,BUY,-0.009817832231777013
2023-03-30,147.86120823538042,148.83604669384493,146.5209557849696,147.65213629618944,147.65213629618944,1343428,-0.0006933813081907436,148.58230549557965,147.8033276742522,46.620355767885655,0.005720298947673503,BUY,-0.0006933813081907436
2023-03-31,148.39648032855132,147.6718363033962,146.7660733309129,146.9924926640645,146.9924926640645,4069215,-0.004467552239147299,148.5516553544099,147.77315701618673,43.39686239061377,0.0057962233607260225,BUY,-0.004467552239147299
2023-04-01,148.2059425444079,148.7920587733353,146.34617890998157,147.63605269288306,147.63605269288306,3991359,0.004378182974890565,148.5809930551515,147.74862158500528,47.23039707272452,0.0058178917161257225,BUY,0.004378182974890565
2023-04-02,148.29747212125136,149.99052353896778,148.37270709839723,148.64777403680813,148.64777403680813,2628756,0.006852806787172039,148.57890777095997,147.73978080452503,52.65860500467435,0.005460797972825354,BUY,0.006852806787172039
2023-04-03,148.77388734364757,149.58490832815895,149.4384287992453,149.4551354298269,149.4551354298269,3612071,0.005431372237157506,148.64699628828197,147.75474241013478,56.50377841749439,0.005503844268618571,BUY,0.005431372237157506
2023-04-04,150.19793872669084,149.25237151079494,147.25973246312105,147.93256555829956,147.93256555829956,2086832,-0.010187471090561617,148.6601927909543,147.7602392267945,48.50291815774439,0.0059619246321513985,BUY,-0.010187471090561617
2023-04-05,146.9672533728082,149.77918756817684,147.3826365723502,148.11201290920988,148.11201290920988,1673217,0.001213034805643165,148.63780186204116,147.75730931209463,49.41209916903174,0.005804974673587167,BUY,0.001213034805643165
2023-04-06,146.24683989302477,147.11522967209433,146.96373282279035,147.0539988037099,147.0539988037099,4290445,-0.007143337564040286,148.50537282211837,147.73605033171526,44.4313328354679,0.005699063917420248,BUY,-0.007143337564040286
2023-04-07,146.32841690231731,147.9799689417435,146.18266167328778,146.59977467557738,146.59977467557738,3484174,-0.003088825409901519,148.36109831063084,147.7099001138921,42.45284628551088,0.005719478490383066,BUY,-0.003088825409901519
2023-04-08,144.5117923079768,145.33107953162136,143.30107096165816,144.75917862335638,144.75917862335638,2238142,-0.012555244755963701,148.12566221131004,147.66287120230336,35.54563144854551,0.006272637760151595,BUY,-0.012555244755963701
2023-04-09,144.14201370453333,145.2163922738378,144.14156231745505,144.9446073809743,144.9446073809743,2094418,0.001280946461435617,147.8893422435309,147.62769935754648,36.663658749323616,0.006270740048158754,BUY,0.001280946461435617
2023-04-10,144.11927620112587,146.624730265086,143.873820441022,144.7081129884885,144.7081129884885,2900464,-0.0016316191182208506,147.68113570587875,147.5797304109,35.810482675453784,0.0062084692539031705,BUY,-0.0016316191182208506
2023-04-11,145.49693010862828,146.6445678008315,146.11993278410054,146.47598591187275,146.47598591187275,2942157,0.01221681968532673,147.54185685286973,147.5450521569173,45.93813471570439,0.0068710948517272255,SELL,0.0
2023-04-12,141.29992266427098,146.14902211704606,144.48580509144603,144.5448112120043,144.5448112120043,4262288,-0.013184241006101494,147.3533979401918,147.47038352490767,38.746434044181036,0.007311301817555262,SELL,0.0
2023-04-13,145.23412010889578,146.3712056075596,146.09120698379039,146.09798431565113,146.09798431565113,3554626,0.010745270553979225,147.23878486105573,147.42439576069387,46.06034089713294,0.0077846332318892925,SELL,0.0
2023-04-14,146.67310551067496,147.16093352929875,145.64604460352984,146.60316776263159,146.60316776263159,1244555,0.0034578399513642832,147.1334344559204,147.39082238818494,48.22577795234163,0.007815585719990704,SELL,0.0
2023-04-15,145.0069212442319,146.4310608892384,143.59643241529915,145.5279390112302,145.5279390112302,4556014,-0.007334280478456856,146.93741062112397,147.33378503137934,44.16206365850481,0.007831582260201081,SELL,0.0
2023-04-16,146.1286211018744,146.13003043408776,144.68987950725094,145.4418508233488,145.4418508233488,2011054,-0.0005915578030328827,146.80798836098572,147.31714118668407,43.84351435222484,0.007590880081872713,SELL,0.0
2023-04-17,144.694452790644,144.1815161798373,143.1712666464649,143.87757748258042,143.87757748258042,4893633,-0.010755317894491911,146.540887257171,147.27262588795696,38.420463628907925,0.00759564443292139,SELL,0.0
2023-04-18,141.4424662327079,143.6009102577584,141.71233967733698,142.35926459472358,142.35926459472358,3880346,-0.010552811038541887,146.27112115867152,147.1978194084012,34.021726805815504,0.0076381685687905414,SELL,0.0
2023-04-19,141.33355894883545,142.81748435645775,140.85805115008668,142.08134243372015,142.08134243372015,1282735,-0.0019522590383888039,145.99258146554808,147.1157070111468,33.27083788126788,0.007633490579395025,SELL,0.0
2023-04-20,141.02253779459144,141.8049846000669,140.3578972070657,140.5298282232554,140.5298282232554,1467231,-0.010919901120645115,145.66944824350762,146.98112956654094,29.37330788504491,0.00788036552415152,SELL,0.0
2023-04-21,139.98758844348296,141.59418426471734,139.92278287338698,140.99680431026962,140.99680431026962,4050130,0.003322967749397332,145.33748582437696,146.85921188855662,31.956954085441936,0.007837306979725971,SELL,0.0
2023-04-22,141.60051511804025,140.91224497815858,140.0167014575364,140.53246363194498,140.53246363194498,1492822,-0.0032932709404026594,144.93172030413376,146.7329073969518,30.75228346671787,0.0075384736469050855,SELL,0.0
2023-04-23,139.19242140504093,140.30564414018298,140.20477135965314,140.2514255704695,140.2514255704695,3508505,-0.0019998088285957394,144.4715348111659,146.6091758454134,30.014801329350433,0.007291747690612162,SELL,0.0
2023-04-24,139.67967219112995,140.72974587213517,139.13340000443557,139.85758657297006,139.85758657297006,3045459,-0.002808092651447325,144.06778586189944,146.4831444781993,28.96644809206326,0.007100984400027687,SELL,0.0
2023-04-25,140.19283047027827,140.5733917055646,138.84434234355032,139.65264849893865,139.65264849893865,2762991,-0.0014653339804665544,143.64481764138588,146.36108068908166,28.41036762840595,0.00704679095894094,SELL,0.0
2023-04-26,138.75987386808274,141.30964269206765,140.03332464032707,140.68954358709712,140.68954358709712,3301639,0.0074248150629692145,143.32659488055523,146.26913173645033,35.18964839317343,0.007333554940462307,SELL,0.0
2023-04-27,141.68697797048145,142.01475520428548,139.08557140584475,140.9784965480272,140.9784965480272,3252178,0.0020538339492957025,143.04553097417772,146.16938686331474,36.980603675831716,0.007390106193699057,SELL,0.0
2023-04-28,140.24752896121362,142.45535587472165,140.27280683122672,142.00226854657984,142.00226854657984,3398528,0.007261901805030613,142.9076854703389,146.09670687768147,42.991519064257375,0.0072165838037703805,SELL,0.0
2023-04-29,143.57118824283518,144.49862288494214,142.8222593127049,143.62125776086427,143.62125776086427,4294964,0.011401150353829381,142.8415179893334,146.01220124945942,50.957896165302216,0.007717635999472213,SELL,0.0
2023-04-30,141.0235084130515,143.05346935004005,140.33890225523075,141.98868128729873,141.98868128729873,3420443,-0.011367234203475962,142.70554640427392,145.8998649654562,44.24379306645487,0.008095198396949,SELL,0.0
2023-05-01,141.9854372643122,143.6473684808426,141.23536853191789,141.84656940360716,141.84656940360716,2730557,-0.0010008676917283577,142.47407557886064,145.79581037996732,43.703985331039064,0.007482919510990373,SELL,0.0
2023-05-02,142.5454961760608,145.7326798228867,143.19226419893008,143.95989431024339,143.95989431024339,4551250,0.014898667733183046,142.44482973377256,145.70121867175942,52.90582218883511,0.007817736224861763,SELL,0.0
2023-05-03,143.7481497211098,145.26206452639903,143.06608724025946,143.60247770084152,143.60247770084152,1257784,-0.0024827512628733395,142.3200544030321,145.61140092410852,51.376310044278526,0.007393387458159281,SELL,0.0
2023-05-04,144.6034871020341,145.41528860523258,143.3480528283707,143.42871644060054,143.42871644060054,1749572,-0.0012100157533699862,142.16133183693054,145.52660254282347,50.61027077541433,0.0073240879572982285,SELL,0.0
2023-05-05,145.04178475975647,147.08186601491462,145.13815653896543,145.2945098837119,145.2945098837119,1446024,0.013008506869571335,142.14966038055465,145.46129611074824,57.87362895019603,0.007804904089305069,SELL,0.0
2023-05-06,145.24921940193107,145.00682815883707,143.01580330623833,144.66467825348204,144.66467825348204,1188741,-0.004334861865971096,142.1108017520613,145.36053808377457,54.93660029544321,0.007863205186981363,SELL,0.0
2023-05-07,145.1086707682567,144.3966581618296,142.38082501242513,144.2762427497578,144.2762427497578,4828858,-0.002685074949972277,142.13073501542019,145.25635764066317,53.14528775772448,0.007493492969282729,SELL,0.0
2023-05-08,145.8847896524861,146.20523159931207,143.4088457112437,144.34335472673428,144.34335472673428,3210522,0.0004651630490049019,142.22993952202071,145.1538667230024,53.42784194375532,0.007056335794517826,SELL,0.0
2023-05-09,146.12891971855677,147.0357672139579,145.45378204064423,145.49609741390748,145.49609741390748,1643752,0.007986115393781246,142.40067727103008,145.0703685365494,58.10156814093774,0.007206884427224592,SELL,0.0
2023-05-10,144.2602809451131,146.7653501667466,143.6344031074372,144.95667379477572,144.95667379477572,1853281,-0.0037074782672500417,142.6220195496061,144.9920571376143,55.30464348907846,0.006732678731814085,SELL,0.0
2023-05-11,143.98578141312848,145.66833421237976,143.7169156286007,145.19278626582627,145.19278626582627,1950081,0.0016288485715727496,142.83181864738393,144.91068160348976,56.29635247611921,0.006720154042045281,SELL,0.0
2023-05-12,145.87237704388534,146.45245420106187,145.62438653198168,145.7473904426879,145.7473904426879,3511402,0.0038197777666875155,143.0925649879211,144.85934962303227,58.618941309123876,0.00664151888911755,SELL,0.0
2023-05-13,142.13851594513216,146.4026660000847,143.98371446456068,144.44172553784836,144.44172553784836,3707718,-0.008958410170321174,143.30207998629,144.78037921582177,51.658599678565935,0.007024718893760944,SELL,0.0
2023-05-14,142.8862496382784,145.7536786100294,143.777428673086,143.80803590039974,143.80803590039974,2435257,-0.004387164685889622,143.4996024526615,144.68233641652304,48.63993332166753,0.007084267010234393,SELL,0.0
2023-05-15,142.88184811399861,145.56865632546916,143.3769692034343,143.89284351311204,143.89284351311204,2537288,0.0005897279118047827,143.71161220337018,144.57122497264209,49.068875415208076,0.007055096470678302,SELL,0.0
2023-05-16,143.79005174970902,144.33830646843873,143.59505604996212,143.77730798266032,143.77730798266032,4819003,-0.0008029275649222845,143.86600042314834,144.486165211773,48.47491763453209,0.0069314748475863205,SELL,0.0
2023-05-17,146.83389700053576,146.44792073906908,144.68073566826916,145.31602592842336,145.31602592842336,2862797,0.010702091778965528,144.08287689216814,144.40809373916397,56.09697264731563,0.007255702958877252,SELL,0.0
2023-05-18,144.04297431257305,145.63042757934443,143.6733198340808,144.49701557491548,144.49701557491548,2388896,-0.005636063526202495,144.2076142435849,144.34294231936803,51.71206620589743,0.007293578980668397,SELL,0.0
2023-05-19,145.53060863253566,146.44758343727347,143.21901108941577,144.82499932915061,144.82499932915061,1488078,0.002269830646191462,144.26780132199923,144.28639958002725,53.28680351551852,0.006875189350068589,SELL,0.0
2023-05-20,143.55645035254443,145.23534432916387,143.82468091568876,144.49071262663705,144.49071262663705,2860962,-0.0023082113175351138,144.39290288896615,144.2363639792787,51.44532415937125,0.006333447830585258,BUY,-0.0023082113175351138
2023-05-21,145.6059168115549,147.0858679901829,144.79212642546747,145.4402059340048,145.4402059340048,4610749,0.006571310294670951,144.57258471548602,144.19244704410113,56.08722208993858,0.006439729096218828,BUY,0.006571310294670951
2023-05-22,145.39965400698688,145.43523550835823,143.82130474324882,145.323595880135,145.323595880135,2714422,-0.0008017731625237223,144.6407697939806,144.12596348096767,55.386895967773796,0.005592293057963423,BUY,-0.0008017731625237223
2023-05-23,145.00760529662935,146.68406510405836,146.1442549206052,146.20579383551575,146.20579383551575,3324284,0.006070576151366414,144.77093560071432,144.06097664908145,59.50633616647788,0.005679656440283421,BUY,0.006070576151366414
2023-05-24,146.1381013217646,147.1568279221169,146.11182753491272,146.7933439745119,146.7933439745119,4544062,0.004018651543024054,144.9391669774099,144.0381922174057,62.021558986892686,0.005697053419728287,BUY,0.004018651543024054
2023-05-25,145.2026408203773,147.04185564064463,143.65475981785366,145.40512477999255,145.40512477999255,3844349,-0.009456962808616187,144.9446977222239,143.98405445482138,53.55701526979552,0.0054505587127886826,BUY,-0.009456962808616187
2023-05-26,145.25900470873597,145.48654591338936,143.39026425934995,145.28865349192088,145.28865349192088,4319109,-0.0008010122631364469,144.97589648414586,143.94874754858557,52.90463604607798,0.005357340096099922,BUY,-0.0008010122631364469
2023-05-27,148.06082112373699,148.42625794784868,146.57377851957392,147.28965852493516,147.28965852493516,4238305,0.013772617371841545,145.12656727290474,143.96254522557274,61.566440093210005,0.006098837834491442,BUY,0.013772617371841545
2023-05-28,149.80702696923638,151.35725729942158,148.13185667193693,149.68894981159545,149.68894981159545,1222741,0.016289611305291274,145.39384702714779,144.06114064933752,68.94238656666063,0.006981361556940274,BUY,0.016289611305291274
2023-05-29,149.26908364806405,151.61971430186068,149.72162475222675,150.68238775116473,150.68238775116473,2368092,0.00663668187143851,145.65316154401063,144.17589625674134,71.3906470743288,0.006925160576348768,BUY,0.00663668187143851
2023-05-30,151.9377285808609,153.08406524480955,149.84932058040314,151.56836499319525,151.56836499319525,2865167,0.005879766409685683,145.98374610393162,144.31310129683547,73.40422613647183,0.006857134537606766,BUY,0.005879766409685683
2023-05-31,150.64333982849803,152.45038144382923,150.28531739745466,150.92237267556098,150.92237267556098,3740066,-0.004262052425407337,146.27022542441836,144.40202903210923,69.55999355902613,0.007010250280912546,BUY,-0.004262052425407337
2023-06-01,152.4375440375038,152.61804453240066,151.26820550933124,151.96735162557403,151.96735162557403,2822539,0.006923949918673955,146.58122348356267,144.5504798403806,72.1049513602817,0.007087523951565145,BUY,0.006923949918673955
2023-06-02,153.40751587827734,154.2101944864266,151.26684357980494,152.8343392934994,152.8343392934994,3391719,0.005705091644036209,147.00085417134522,144.6852069399376,74.0438960129525,0.006625029648476127,BUY,0.005705091644036209
2023-06-03,150.74813604306033,152.97199369781143,151.26999131995666,151.79285031448774,151.79285031448774,3051893,-0.006814495903382123,147.40009489204962,144.7890005909747,67.93505706402959,0.006784868210962279,BUY,-0.006814495903382123
2023-06-04,151.72270211446926,151.43963823721737,150.66450297846905,151.29376013958827,151.29376013958827,1459883,-0.0032879689251861244,147.77014072337346,144.90431701354186,65.16068881703866,0.006903534081583689,BUY,-0.0032879689251861244
2023-06-05,151.89858117794466,152.10795926763885,149.63782726180708,150.47173650227248,150.47173650227248,3421807,-0.005433295045065734,148.10486214935403,145.00491472712034,60.75945917666674,0.007096264161342664,BUY,-0.005433295045065734
2023-06-06,150.5552602531241,154.19023536616595,151.5780711980735,152.688337294137,152.688337294137,3960624,0.014731010908690223,148.47347771763972,145.18112992335145,67.19414794690947,0.007398044421816401,BUY,0.014731010908690223
2023-06-07,155.46663277835037,154.30282063800064,152.42779213857912,153.30953375740845,153.30953375740845,1879508,0.004068394968993472,148.9141036267644,145.40013530660516,68.74115285741479,0.007150194684953699,BUY,0.004068394968993472
2023-06-08,152.10602328432392,154.05953508730056,152.20792365544338,153.81746108245477,153.81746108245477,2438708,0.003313083750225543,149.36372671442956,145.63485767957988,69.98739201269686,0.007148480394932528,BUY,0.003313083750225543
2023-06-09,153.91118166954476,154.50065377936906,154.08585816928814,154.41700739767364,154.41700739767364,1150417,0.0038977779960720493,149.86004145298142,145.9126012630682,71.43505563763132,0.007037912660713892,BUY,0.0038977779960720493
2023-06-10,153.89705026114933,155.13555899740072,152.55371777247257,154.34546542733017,154.34546542733017,4475030,-0.0004633036965885351,150.30530442764768,146.17957448540946,70.9949930082806,0.0070442846569262925,BUY,-0.0004633036965885351
2023-06-11,154.6976915833648,154.90771680142063,153.53229882073268,154.12949425538105,154.12949425538105,4420865,-0.0013992712474653057,150.74559934640996,146.45151509787814,69.60107062006144,0.007062497034006001,BUY,-0.0013992712474653057
2023-06-12,151.888862450199,153.37013913797884,152.0164495875614,152.60985133608472,152.60985133608472,2319119,-0.009859520571568137,151.06580222143845,146.69868361319047,60.58700335181377,0.007574108561992022,BUY,-0.009859520571568137
2023-06-13,153.78603695407696,155.71866431189412,153.28122339074147,154.1739860879704,154.1739860879704,3414501,0.010249238421975004,151.43483432711136,146.98501160349048,65.53471166709573,0.007779373037541059,BUY,0.010249238421975004
2023-06-14,152.95999947614573,156.28835659804557,154.49734083474507,155.65674426734142,155.65674426734142,4185948,0.009617434283141435,151.9474153014788,147.3050935188585,69.44994360684521,0.007398236255847117,BUY,0.009617434283141435
2023-06-15,155.40165711417342,157.05087666502735,153.88456793673697,155.38477102340664,155.38477102340664,4560280,-0.0017472628328115691,152.4522211780531,147.59899806758472,67.92571422624637,0.007429731893590595,BUY,-0.0017472628328115691
2023-06-16,155.11711157381347,154.86375215435942,153.30619336413525,154.6838369969185,154.6838369969185,1498248,-0.004510957038270869,152.82193010165224,147.87310487656254,64.02568120383714,0.007206580701938421,BUY,-0.004510957038270869
2023-06-17,153.43906655646848,154.36920559806333,152.91290965413526,153.11360275411963,153.11360275411963,1949921,-0.010151249628169934,152.99316274877847,148.09533156071333,56.235987509554064,0.006960314994596093,BUY,-0.010151249628169934
2023-06-18,151.91115805925892,153.1318496799787,151.9746676385757,152.11806992837904,152.11806992837904,4934270,-0.006501922806553484,153.0649468576392,148.26526780406363,51.9227838404927,0.007035298475558488,BUY,-0.006501922806553484
2023-06-19,151.29775539937182,153.7768298270415,150.9349664377493,152.1969635184422,152.1969635184422,1219349,0.0005186339144342966,153.09637678390155,148.4694334486865,52.235436603054545,0.006920640450848257,BUY,0.0005186339144342966
2023-06-20,152.81026301291723,153.80185605032204,150.82297599242787,152.26571515438926,152.26571515438926,1960976,0.00045172803949355966,153.16354390784292,148.67781636370216,52.52517916321675,0.006839409075754449,BUY,0.00045172803949355966
2023-06-21,153.42890793670188,154.63020589794155,152.3553570331817,152.95905911102508,152.95905911102508,4597106,0.004553513283885424,153.2131292821155,148.85779965971776,55.459527590168314,0.006741432980695138,BUY,0.004553513283885424
2023-06-22,153.9415788901761,154.99233503870047,152.74367769636262,153.25411329890963,153.25411329890963,1989859,0.0019289749139368428,153.234117982386,149.05083237167912,56.68643010975354,0.006635513458534874,BUY,0.0019289749139368428
2023-06-23,151.330885159736,152.481749898277,150.91375293268186,151.70788571933525,151.70788571933525,1099132,-0.010089305574190965,153.2298697526284,149.21641575725383,49.05972940986551,0.0068534519521599255,BUY,-0.010089305574190965
2023-06-24,150.14910126556532,151.54969042199596,148.99781182254725,150.9132107605423,150.9132107605423,3961885,-0.00523819150879945,153.21084228367607,149.32878977479044,45.65963608547603,0.006916196578696702,BUY,-0.00523819150879945
2023-06-25,151.99481351568718,152.1081540947974,149.95141638635153,151.06353325571993,151.06353325571993,3606060,0.00099608572649168,153.24043212134845,149.45676687483518,46.416153116460286,0.00680392189901537,BUY,0.00099608572649168
2023-06-26,152.0471605273811,152.46610192652807,150.9769821677151,151.46857424457028,151.46857424457028,3381726,0.002681262513333893,153.17944396887012,149.60061350473146,48.49676169828653,0.0059283438692141685,BUY,0.002681262513333893
2023-06-27,150.18418650387943,152.63261069326134,148.95682680970805,150.84906966493762,150.84906966493762,3121094,-0.004089987528583805,153.05642076424658,149.7307278034955,45.58151392837246,0.005886373914446311,BUY,-0.004089987528583805
2023-06-28,150.0834424359775,151.5712054187947,149.81031940052966,151.0207954758444,151.0207954758444,4223240,0.0011383948955616674,152.91658748391606,149.84122176473426,46.54082774526635,0.005826329092185481,BUY,0.0011383948955616674
2023-06-29,152.0173532756986,153.47986446624427,151.51779676090365,152.53093843018735,152.53093843018735,3410221,0.009999569592947122,152.82228403554174,149.9927070574425,54.18890226649887,0.006236173730991741,BUY,0.009999569592947122
2023-06-30,152.33726268369202,154.80855259049883,151.75393772634916,153.3548279077821,153.3548279077821,4840774,0.0054014581308816645,152.77275215956433,150.1559478902816,57.74099825798394,0.006378983798671081,BUY,0.0054014581308816645
2023-07-01,153.67565317562702,155.7039438201717,153.29635591006007,153.92542868575572,153.92542868575572,1474082,0.0037207878340599354,152.7625488810831,150.31950865514295,60.05128002168409,0.006435146681211747,BUY,0.0037207878340599354
2023-07-02,157.07227373698615,156.1346207314533,153.9725183150048,155.46415981315897,155.46415981315897,2468211,0.009996601214894874,152.9052643049368,150.53995734064915,65.52480942124546,0.006372923756694908,BUY,0.009996601214894874
2023-07-03,157.32482643097472,156.68903763672498,155.44786481061513,156.1782606125822,156.1782606125822,1047249,0.004593346789906194,153.00547803116737,150.7873618348928,67.73427613306293,0.00605598939311835,BUY,0.004593346789906194
2023-07-04,152.43361711879214,154.17784928025372,152.84228681260825,154.1153120657715,154.1153120657715,3732740,-0.01320893534554135,152.92840642108888,150.991811205946,56.47413281401599,0.006419714825434607,BUY,-0.01320893534554135
2023-07-05,154.278520137664,154.64427032733977,153.44609337308844,153.7224377824277,153.7224377824277,4183852,-0.002549222903796333,152.84528975903993,151.19071380194134,54.61215447914921,0.006430556223812186,BUY,-0.002549222903796333
2023-07-06,154.59119936254984,155.80964147041377,153.78693762844387,154.1602084638014,154.1602084638014,3164051,0.0028477994994673406,152.81910833238408,151.3675974526489,56.33954703464992,0.006400517737880767,BUY,0.0028477994994673406
2023-07-07,152.62083706495133,153.99882238880483,152.1429504818491,153.13982644257032,153.13982644257032,3956273,-0.006618971467404866,152.82041951680662,151.54045367000202,51.42662049954019,0.006154009818059387,BUY,-0.006618971467404866
2023-07-08,156.80141514282968,155.2160463684256,154.56615407036222,155.16298548153338,155.16298548153338,3783397,0.013211188010075148,152.97266529446432,151.74721339304966,59.051260835962765,0.006614764445333735,BUY,0.013211188010075148
2023-07-09,153.48626704518585,154.24673379907355,152.64699640168854,153.3032648757023,153.3032648757023,1490214,-0.011985594373939312,153.02798036232733,151.92346443803098,51.109369700840006,0.007226520027237646,BUY,-0.011985594373939312
2023-07-10,151.924491935449,153.8369426179891,151.74853205304993,152.6741930439846,152.6741930439846,2036870,-0.004103447061142185,153.04840425680712,152.06814418023058,48.722328005165004,0.007295824021891586,BUY,-0.004103447061142185
2023-07-11,151.87897470360548,154.08744338083602,150.80557716529168,152.33936958658654,152.33936958658654,3244912,-0.0021930586350084047,153.0174197805852,152.2084596543596,47.45200441485057,0.007237694201938069,BUY,-0.0021930586350084047
2023-07-12,152.0880566749806,153.3005824698291,150.9368505926847,152.2136295630723,152.2136295630723,2487424,-0.000825394143716629,152.9653955937933,152.32861636891073,46.95686469415086,0.007221678749663405,BUY,-0.000825394143716629
2023-07-13,152.97707348885103,152.35555756168333,151.64551149854546,151.78885030694568,151.78885030694568,1131706,-0.002790678189239282,152.96944382317383,152.4285264955594,45.239488885488676,0.006878035469897509,BUY,-0.002790678189239282
2023-07-14,150.80429235899015,153.705562193616,150.35368273879035,151.83860433713662,151.83860433713662,1014019,0.0003277844854239209,153.01571350200354,152.5571960867023,45.49095788191917,0.00676450765245269,BUY,0.0003277844854239209
2023-07-15,150.9883005363073,153.28896784784465,150.04253233499423,151.66855490958602,151.66855490958602,3138651,-0.0011199353964886916,153.04596458469683,152.68479411505558,44.734831564260354,0.006770045024281367,BUY,-0.0011199353964886916
2023-07-16,152.1258315983106,153.8689189750253,152.6876194798052,153.58547079411184,153.58547079411184,1812519,0.012638848478964793,153.15180941217392,152.81071036043912,54.01397181754136,0.007305427554635423,BUY,0.012638848478964793
2023-07-17,155.4034961611655,156.56152578632404,154.72692657988594,155.4637128744629,155.4637128744629,1077047,0.012229295327478962,153.38254157265018,152.92620562169648,60.93508996655584,0.0076435164407013334,BUY,0.012229295327478962
2023-07-18,155.37609571336324,155.9905854612711,154.62601504855078,155.73497126845882,155.73497126845882,1785487,0.001744834141552687,153.61825036228092,153.02725729204235,61.82861069537906,0.007643061104163548,BUY,0.001744834141552687
2023-07-19,157.3682405934164,159.16418009659924,156.83913431361466,157.4508460512607,157.4508460512607,1959661,0.011017915686027946,153.86424574333458,153.14490691320367,66.9744369990059,0.007705341345112076,BUY,0.011017915686027946
2023-07-20,158.56065231354268,159.86858141337555,157.7871582391367,158.40565248978436,158.40565248978436,1127304,0.006064155655364445,154.11678697243468,153.29457250948815,69.44298992786797,0.007723875791884191,BUY,0.006064155655364445
2023-07-21,159.22787300287703,159.57864503982137,157.41635359827785,158.39111915925287,158.39111915925287,2545937,-9.17475500593623e-05,154.34007149610954,153.42304786016172,69.3580086369,0.007717119099709726,BUY,-9.17475500593623e-05
2023-07-22,160.99732256536902,160.50583090849918,159.4326463956057,160.04652998849093,160.04652998849093,1206173,0.01045141191011889,154.56919000487613,153.56729167406155,73.35742351945882,0.007744223293627413,BUY,0.01045141191011889
2023-07-23,160.55372289602323,160.1690082607094,157.7492161092599,159.54374089253406,159.54374089253406,4541611,-0.003141518257178233,154.73746401887374,153.72230948562247,70.35389101557956,0.007773746695556414,BUY,-0.003141518257178233
2023-07-24,156.83436431001246,158.84605683613597,157.73323667182694,158.53331122359714,158.53331122359714,4658231,-0.006333245436544788,154.95836397676504,153.86710050730264,64.62714212042997,0.007241695324352019,BUY,-0.006333245436544788
2023-07-25,158.0244998862274,158.42855875405488,156.0408812619914,158.0137605719909,158.0137605719909,4943842,-0.003277233330939877,155.17293011624318,154.017940988697,61.839773560528634,0.007264590899290075,BUY,-0.003277233330939877
2023-07-26,158.8005421124381,158.63441053699546,156.6403082860299,158.52008629887214,158.52008629887214,2927229,0.0032043141372524175,155.39092400799672,154.13457596879172,63.49230832362432,0.0072687599038540685,BUY,0.0032043141372524175
2023-07-27,155.97579685699208,159.86523990051657,156.12163870861764,158.07532602579812,158.07532602579812,3160622,-0.002805702945653743,155.6376989871581,154.22989181415952,60.99366056722046,0.007094711112365844,BUY,-0.002805702945653743
2023-07-28,155.18555775401393,156.53252910563697,155.69424930155864,156.2417386478706,156.2417386478706,4657265,-0.01159945340000934,155.69163664547494,154.27837736546783,51.92184269340356,0.007128675783725912,BUY,-0.01159945340000934
2023-07-29,158.38810057738954,158.48386658810162,155.15886138471078,156.7394091076014,156.7394091076014,2332536,0.003185259355391823,155.86344385706994,154.3248253996664,53.924933026549695,0.0065263920028111955,BUY,0.003185259355391823
2023-07-30,156.6935585731807,157.27659512659474,155.758908007799,157.18846540407088,157.18846540407088,1774875,0.002864986534185654,156.08915747507424,154.3816853992012,55.71771054687584,0.0064174415987028185,BUY,0.002864986534185654
2023-07-31,158.25348321211797,158.88169964523354,156.92030945906026,158.29148063133906,158.29148063133906,1480761,0.007017151191295978,156.38676302731184,154.46492512672035,59.85017805413805,0.006470419090590339,BUY,0.007017151191295978
2023-08-01,157.1359970477932,156.8623835138833,154.9452691847301,156.78597109086587,156.78597109086587,1222633,-0.00951099537681066,156.61538010370154,154.54844752181597,52.63070856328054,0.006940090307035232,BUY,-0.00951099537681066
2023-08-02,157.20750372804852,157.64886621103932,155.98889973962983,157.21799078468982,157.21799078468982,2381378,0.002755474171688199,156.88683712758876,154.60932761575035,54.33304958935077,0.0068699141097482005,BUY,0.002755474171688199
2023-08-03,155.75506601941714,157.98332804055465,155.06935471200399,156.7694076573315,156.7694076573315,3065052,-0.002853255693698875,157.1333772935985,154.63158088355016,52.23397985216801,0.00694177940964892,BUY,-0.002853255693698875
2023-08-04,155.86331328485218,156.968848483956,156.03947920397042,156.693332663231,156.693332663231,1164708,-0.00048526683386340697,157.38461618128073,154.65775211634664,51.868009383004555,0.00693002587586444,BUY,-0.00048526683386340697
2023-08-05,157.76956762725354,157.0390419767607,156.72712392045463,156.88542293629277,156.88542293629277,2052444,0.001225899467430569,157.54961378838976,154.70178383513414,52.76787679440921,0.00642969292603125,BUY,0.001225899467430569
2023-08-06,157.51034319211976,156.58763756844667,155.66853733929898,156.5269640154513,156.5269640154513,1310891,-0.002284845297494731,157.60277634543922,154.77005106036077,50.85707864125599,0.00590294684333112,BUY,-0.002284845297494731
2023-08-07,156.34767346293924,158.72792681459177,156.56413155053679,156.85892317354376,156.85892317354376,2030606,0.0021207793825201993,157.65897394069344,154.86486812526408,52.569965122499276,0.005908193724704639,BUY,0.0021207793825201993
2023-08-08,158.409493942516,158.83320537012435,156.55169649809898,158.36750766282523,158.36750766282523,4814868,0.009617460446368353,157.70480702127168,154.98827900815172,59.481719352417926,0.0057823917766332885,BUY,0.009617460446368353
2023-08-09,160.53169310007564,160.0504387947155,158.44523463577596,159.19037472977553,159.19037472977553,2854191,0.005195933680425258,157.74404313327125,155.12677219965946,62.67664153926754,0.005739992471528516,BUY,0.005195933680425258
2023-08-10,160.03408279717002,160.70969936114153,159.96955410303795,160.57495381156855,160.57495381156855,1926463,0.008697630645969179,157.85323486588703,155.27909009367033,67.34281417691926,0.00604004742684194,BUY,0.008697630645969179
2023-08-11,160.48309390083276,162.10719486148156,160.09699807223734,160.92212527135567,160.92212527135567,2295880,0.002162052372093548,157.89701463003027,155.43245033311922,68.40928855571676,0.00560455781452241,BUY,0.002162052372093548
2023-08-12,157.77912071149228,159.47439624664588,158.572787632332,158.89425555289387,158.89425555289387,3966295,-0.012601559388072281,157.86454036304826,155.5761777297904,56.75119808603077,0.006269015268580912,BUY,-0.012601559388072281
2023-08-13,159.07554442907428,160.50356388103756,158.6768719535597,159.5828418100705,159.5828418100705,4347907,0.004333613287532678,157.91701689237192,155.74957035078097,59.28828161141555,0.006171425114016271,BUY,0.004333613287532678
2023-08-14,156.91437009357088,159.7207807808025,157.67144237084588,159.1878452262306,159.1878452262306,2039488,-0.0024751820393700275,157.9757211250839,155.91205659019118,57.21485274339072,0.006149193215278951,BUY,-0.0024751820393700275
2023-08-15,159.45826258773184,160.67255036032145,158.2318846939023,159.4441136585479,159.4441136585479,1105765,0.00160984924416252,158.0219224930677,156.07156737847075,58.2353585748959,0.006121032875232099,BUY,0.00160984924416252
2023-08-16,160.6952018893555,160.37791319546685,158.40056028917462,160.23745681816112,160.23745681816112,2364993,0.0049756817069595005,158.13002903268585,156.2593351215352,61.31181959452641,0.006159847856508673,BUY,0.0049756817069595005
2023-08-17,160.7583371207975,162.68236199484613,160.5448041932767,160.9802292903857,160.9802292903857,3994889,0.00463544845864261,158.36695356481158,156.45852379782605,63.98658883915222,0.005487030593179303,BUY,0.00463544845864261
2023-08-18,159.12317590458645,160.94695333839303,157.78924482489882,159.31685125148442,159.31685125148442,1385322,-0.010332809477496596,158.49582567200576,156.59424205425196,54.84241571787646,0.006071211418311457,BUY,-0.010332809477496596
2023-08-19,160.56942851164092,161.34983327175252,159.55903611958865,159.66029955752822,159.66029955752822,3569010,0.0021557563016461057,158.61941737967862,156.7203514872469,56.23318634561688,0.006060782861079873,BUY,0.0021557563016461057
2023-08-20,158.47830773242276,160.95226466116915,158.8607905124795,158.98565928440337,158.98565928440337,2474236,-0.0042254729259214585,158.65412631233184,156.82155609921986,52.79363392004023,0.005974352935205338,BUY,-0.0042254729259214585
2023-08-21,160.05689736287633,161.35788961347225,159.84401453145577,160.1714434246289,160.1714434246289,2215238,0.007458434588143215,158.82339992901998,156.91570177144925,57.691985392404426,0.005716702184526953,BUY,0.007458434588143215
2023-08-22,160.26600774732782,159.2236174562042,158.81650788895988,159.1316580329188,159.1316580329188,4527559,-0.006491702699797375,158.91908329143143,156.97476971985597,52.543374268132524,0.005943860715068459,BUY,-0.006491702699797375
2023-08-23,161.3169884602107,160.62695143954505,157.2321152521415,158.88811753325206,158.88811753325206,4698576,-0.0015304339983459592,159.02501878522747,157.0702258292056,51.3866311690396,0.005910420799829858,BUY,-0.0015304339983459592
2023-08-24,158.66865614282642,160.28171465213427,158.31217914689117,158.83157139714032,158.83157139714032,3470079,-0.0003558865004483769,159.13193072192294,157.17240850149986,51.105310646470215,0.005909139652390118,BUY,-0.0003558865004483769
2023-08-25,157.23058669231932,159.0712540659741,156.45927580445976,158.15874337281855,158.15874337281855,1568976,-0.0042361101033210335,159.19559674374923,157.2523791996802,47.75521004033486,0.006008668754821711,BUY,-0.0042361101033210335
2023-08-26,160.03505631290776,160.93761837322944,159.73424665249283,160.35422218426882,160.35422218426882,4377561,0.013881488715897339,159.3869596521901,157.39666711451417,57.53689050521692,0.006675799103969581,BUY,0.013881488715897339
2023-08-27,161.13916294011938,163.13058670901705,160.47704896043507,161.50779681686356,161.50779681686356,2453802,0.007193914927098977,159.6194033343561,157.52356334122078,61.60460746938557,0.006806537449267344,BUY,0.007193914927098977
2023-08-28,161.84852525296446,162.93116115143303,160.6724846837058,161.24238928578814,161.24238928578814,1431447,-0.0016433109503460885,159.76314741550422,157.68234582942247,60.17631627118036,0.0065595384267959295,BUY,-0.0016433109503460885
2023-08-29,160.86916361300618,162.43830726217172,159.63344801296995,160.94737003754136,160.94737003754136,3915558,-0.0018296630901684097,159.85099718089253,157.84780936929363,58.55128475742488,0.006506424293766318,BUY,-0.0018296630901684097
2023-08-30,160.59944271113255,161.80339642646877,160.2200081064118,161.4216722523722,161.4216722523722,4294686,0.002946939827101147,159.8933331029327,158.02945542260935,60.402648734232116,0.006250326409185759,BUY,0.002946939827101147
2023-08-31,162.00184771395467,162.1422941231356,159.8465856691868,161.30419339700438,161.30419339700438,3627870,-0.0007277762256368003,159.91243650921515,158.21126669928796,59.69146436016833,0.006237956535104406,BUY,-0.0007277762256368003
2023-09-01,161.06226438274732,162.61423813596744,160.39533293865662,161.58502157227625,161.58502157227625,2737467,0.0017409849636127461,160.04697481018428,158.4071901245946,60.877289924483364,0.005474075875860904,BUY,0.0017409849636127461
2023-09-02,159.45101799504448,163.35948233662683,160.1030531237101,161.67087776142148,161.67087776142148,4713675,0.0005313375479349958,160.1513766077518,158.60383559308028,61.252592933200766,0.005412556530719907,BUY,0.0005313375479349958
2023-09-03,161.3779675208227,161.34683401915012,159.5464169613164,159.8803188087422,159.8803188087422,4925502,-0.011075333897312079,160.18600028687737,158.7680708710634,50.394820862929805,0.005986301210961963,BUY,-0.011075333897312079
2023-09-04,159.47472837987945,162.06216122939213,160.07519632068903,160.36169878056003,160.36169878056003,3397285,0.0030108769822612125,160.231879542978,158.90359543079236,52.816361421129486,0.00601139267093674,BUY,0.0030108769822612125
2023-09-05,161.2164582623912,163.40897012375888,160.55555617954948,162.02760200993086,162.02760200993086,1228660,0.01038841096121379,160.32138680256648,159.03487321350173,60.07925667309707,0.006345344617382283,BUY,0.01038841096121379
2023-09-06,162.5587535418384,164.6696012966985,161.68201770681242,162.75633976391364,162.75633976391364,4901697,0.0044976148813096195,160.41019232624288,159.17530058341083,62.77836306557635,0.006340775381114358,BUY,0.0044976148813096195
2023-09-07,163.9256815111632,164.28474839375852,162.90993215225305,163.2106130645014,163.2106130645014,1046059,0.0027911250722809644,160.60488041689374,159.29049592367562,64.3944677627736,0.005810197783320325,BUY,0.0027911250722809644
2023-09-08,163.0243322502684,165.6471834704695,163.5397327428488,163.66942908799666,163.66942908799666,2855409,0.00281118987840534,160.80533689341715,159.39577145563987,66.00014106611728,0.005817573247484021,BUY,0.00281118987840534
2023-09-09,163.5462908895451,164.54768100603502,164.02663835913154,164.20505677213663,164.20505677213663,1808126,0.003272619004811128,161.0663067678038,159.51205020789757,67.82435627170278,0.005685788753120504,BUY,0.003272619004811128
2023-09-10,161.9420535039148,165.0676252224539,162.69500085771116,163.58314590185051,163.58314590185051,3658290,-0.0037874038870138182,161.2368918916649,159.58278252616475,63.56019158299298,0.005635082297792239,BUY,-0.0037874038870138182
2023-09-11,163.1586603942313,164.23187448585702,162.55634209870038,164.02946450891767,164.02946450891767,1104529,0.002728389924319785,161.48178221546485,159.67249699849242,65.24876541832882,0.005354091170701182,BUY,0.002728389924319785
2023-09-12,163.26113346350758,164.44094688227761,162.76531112259124,163.6849411926178,163.6849411926178,2664779,-0.002100374571918029,161.7216233984331,159.77552959787283,62.82852159499021,0.005372724419879118,BUY,-0.002100374571918029
2023-09-13,163.19139752810406,165.41530794044704,162.75314297774796,164.0906697736595,164.0906697736595,1585545,0.002478716600840203,161.9845783172591,159.8970677819062,64.4985893771399,0.0053585050176320256,BUY,0.002478716600840203
2023-09-14,165.33153474975813,166.6962078637221,163.28084567775974,165.1233554778571,165.1233554778571,3562334,0.006293384661187895,162.332808922511,160.02913316548592,68.39126827067204,0.005266888698752341,BUY,0.006293384661187895
2023-09-15,164.26070363369007,164.70828885614824,163.7676885964355,163.8056582342031,163.8056582342031,3444839,-0.007980077923202766,162.5053807250077,160.14373980965402,59.43589068589901,0.004968520744666806,BUY,-0.007980077923202766
2023-09-16,165.5067219135643,167.6390200249324,165.0464172506021,166.06346063916732,166.06346063916732,1638804,0.01378342133783983,162.73316391612292,160.34017424947993,67.3297689888708,0.005576747560015473,BUY,0.01378342133783983
2023-09-17,170.94097019321813,170.42959876035457,167.82290236438612,169.38044769599207,169.38044769599207,2573919,0.019974213737675273,163.1400668366331,160.59299502124776,75.0205965469812,0.006893905073539372,BUY,0.019974213737675273
2023-09-18,169.266140838373,170.76462427713196,167.00051472028068,168.86440012268264,168.86440012268264,3894621,-0.0030466773487082266,163.5359183408902,160.82651371562,72.17395981810495,0.00693923858554848,BUY,-0.0030466773487082266
2023-09-19,165.46215806943323,166.95773528420634,165.57694005332496,166.94194256852248,166.94194256852248,2457679,-0.011384623122241644,163.81193185669767,160.99952295436367,62.63844384127414,0.007591950227316768,BUY,-0.011384623122241644
2023-09-20,166.7344039415975,167.65645069668145,165.37797612735687,166.1751917226071,166.1751917226071,1743964,-0.004592919155715802,164.0554817729778,161.18730736699848,59.27475642833488,0.007705614953673616,BUY,-0.004592919155715802
2023-09-21,168.8190976723807,168.29229331250863,166.92205306754042,168.24700944076372,168.24700944076372,3369513,0.012467671598147101,164.3885811664022,161.40788774011997,64.77856892981458,0.008085962430371855,BUY,0.012467671598147101
2023-09-22,167.9581770721028,168.88539637037965,165.4936998949574,167.133240469621,167.133240469621,1866276,-0.006619844090214544,164.66169930181218,161.61516439636577,60.07806789748855,0.008311754186099439,BUY,-0.006619844090214544
2023-09-23,167.7802028566525,168.36695395101782,167.5371453816767,168.26103163953698,168.26103163953698,4260790,0.006747856780297212,165.08073494335193,161.84651837589186,63.00538377341179,0.007810815784706725,BUY,0.006747856780297212
2023-09-24,167.21858507208577,168.19696385642087,166.35706500546206,166.97178552621827,166.97178552621827,2005841,-0.00766217882272735,165.41123928063482,162.0482456276904,57.78871901441047,0.008138056953852599,BUY,-0.00766217882272735
2023-09-25,166.99765377360833,168.78717275192193,165.76744452821916,167.04012334031978,167.04012334031978,4421585,0.00040927761469489177,165.66186534715428,162.25850881418776,57.987285498264356,0.007902616340274674,BUY,0.00040927761469489177
2023-09-26,169.3671124725512,168.63852527878677,167.06283085616187,167.64602712206627,167.64602712206627,3443385,0.0036272948656297377,165.9063497150619,162.4742508931582,59.79322786202978,0.007887937112374989,BUY,0.0036272948656297377
2023-09-27,168.26195340817208,168.1423684801891,165.35987983847042,166.66113940016942,166.66113940016942,4975826,-0.005874805021056306,166.07887603184528,162.64012352790508,55.6088150115242,0.008050237717319097,BUY,-0.005874805021056306
2023-09-28,167.2044429876208,168.35628338917508,165.9085923369506,167.33268259979664,167.33268259979664,1452013,0.004029392826931266,166.26203870743532,162.8029696853055,57.77845922147864,0.00806863518610103,BUY,0.004029392826931266
2023-09-29,165.08407368844271,167.5830054623446,165.2919312372618,166.76549408011942,166.76549408011942,1681041,-0.0033895860083337226,166.39006057283444,162.92678049067652,55.31919172999148,0.008113277004873637,BUY,-0.0033895860083337226
2023-09-30,165.1248224122957,167.73039170814326,165.9940096584243,166.61691675312088,166.61691675312088,4804863,-0.0008909356687850645,166.54174911539798,163.04067632031186,54.662832290523305,0.008052610665337957,BUY,-0.0008909356687850645
2023-10-01,166.72609920889,167.13885467357798,164.9461177862341,166.92666240777362,166.92666240777362,4232758,0.0018590288470630156,166.68660901034076,163.20132445740944,55.83919237995231,0.008044847636870142,BUY,0.0018590288470630156
2023-10-02,167.33697558667504,169.28110200710424,167.38912168817149,168.08060313744912,168.08060313744912,1029103,0.006912860492331641,166.90639210758232,163.371279683957,60.002875149802925,0.008119653339678748,BUY,0.006912860492331641
2023-10-03,169.80925852445253,170.10323193366435,167.44092429523488,168.74238445788257,168.74238445788257,4399187,0.003937285493271769,167.13897784179346,163.56237046859005,62.2037963403922,0.008136789991589224,BUY,0.003937285493271769
2023-10-04,169.71901209629777,171.10777412093717,168.9693527689136,170.18077842190527,170.18077842190527,2430440,0.008524200772934698,167.3918489889959,163.77710376385718,66.51654380845486,0.008221813137296415,BUY,0.008524200772934698
2023-10-05,170.99850318429915,170.49235446354945,168.3936737179383,169.54587139172855,169.54587139172855,4794793,-0.0037307799157122457,167.67885964687216,163.96327205532853,63.094285082358155,0.008015115038277605,BUY,-0.0037307799157122457
2023-10-06,169.38509089233847,170.24529249279698,167.56278476006813,169.2560957233408,169.2560957233408,1524110,-0.0017091284264790785,167.83849140108083,164.12878938398765,61.53809139103009,0.007524993019019947,BUY,-0.0017091284264790785
2023-10-07,166.936450018926,169.22270150187524,167.4578504964709,167.8186968889212,167.8186968889212,3163351,-0.008492449434548521,167.76040386072728,164.29882629673637,54.373943919524095,0.006342335585107856,BUY,-0.008492449434548521
2023-10-08,166.97060476592554,167.75845756972257,165.95862723542734,166.7421707994158,166.7421707994158,3349453,-0.006414816164482362,167.65429239456392,164.44046372157413,49.706632389230144,0.006458731375003882,BUY,-0.006414816164482362
2023-10-09,162.8522917507123,167.4597117772503,164.13402541476583,165.47162873319053,165.47162873319053,1899159,-0.007619800438808388,167.58077670279735,164.5701831105499,44.817084253544756,0.006176964343210052,BUY,-0.007619800438808388
2023-10-10,166.18582338146865,167.12156773339578,164.4970229360611,166.34302177510816,166.34302177510816,4724337,0.005266117512644275,167.5891682054224,164.69361467755945,48.55482164270791,0.006220013293355172,BUY,0.005266117512644275
2023-10-11,165.03502129850517,168.28199367497345,166.2437252067315,166.76247835595416,166.76247835595416,3316267,0.0025216361730706627,167.5149416511819,164.8462310840202,50.299915834967415,0.0055365845856518905,BUY,0.0025216361730706627
2023-10-12,167.57831542134545,166.26994867949418,165.44563325277312,166.16920862027825,166.16920862027825,2839080,-0.003557573271426029,167.46674005871478,164.99185290576068,47.82868939603957,0.005396933336093509,BUY,-0.003557573271426029
2023-10-13,166.0179067991516,165.3896040391744,163.5312620160639,164.86523853622865,164.86523853622865,3932756,-0.007847242547982414,167.29695040354937,165.11252624854245,42.84608357771253,0.005384031104455603,BUY,-0.007847242547982414
2023-10-14,165.04470914650148,166.75026366862375,162.9577233040583,164.78259935365608,164.78259935365608,2004514,-0.0005012529221216644,167.18749109492126,165.2450033681592,42.54359754201107,0.005151092843685825,BUY,-0.0005012529221216644
2023-10-15,167.44444611645588,168.16163939603072,165.94602280534903,166.72142694395689,166.72142694395689,4144893,0.011765972850930062,167.17155627510311,165.37234746335295,51.240953855488904,0.005851946534881641,BUY,0.011765972850930062
2023-10-16,169.90105408995475,168.9640461102028,166.85215981897795,168.34788505545305,168.34788505545305,4940056,0.009755543371416264,167.20664917177245,165.50914922812473,57.10674044271787,0.006205968873972403,BUY,0.009755543371416264
2023-10-17,170.20783618613262,171.4686546892221,168.95574627672462,169.89029534653466,169.89029534653466,2025596,0.009162041391690412,167.36810696909072,165.68210734933967,61.800015029158146,0.006337270830426461,BUY,0.009162041391690412
2023-10-18,172.76527367362456,172.47764701867743,170.77170563294933,171.98808748213605,171.98808748213605,4123130,0.012347922118343568,167.60087721320767,165.90292169823158,67.07645212117677,0.006803815488741919,BUY,0.012347922118343568
2023-10-19,173.02635071431018,173.4712439374829,171.04287837052462,171.97990115141766,171.97990115141766,3271787,-4.759824263544932e-05,167.8615975667726,166.11408627621248,67.03753800735169,0.0067206551239956175,BUY,-4.759824263544932e-05
2023-10-20,174.32866562134598,173.65823239862044,171.80092813484407,173.38061459747962,173.38061459747962,1054399,0.008144634557201602,168.19978245899054,166.355614700222,70.22094832976333,0.006849541190968289,BUY,0.008144634557201602
2023-10-21,172.69726299839485,173.38197606684494,171.92886558132687,172.1218733053515,172.1218733053515,4253578,-0.007259988638582349,168.45954300386944,166.5663517348835,64.2187961426327,0.007156998793155146,BUY,-0.007259988638582349
2023-10-22,172.01408081957987,172.8927967426075,171.21889700707285,171.873464687351,171.873464687351,2540177,-0.001443213539512267,168.64918608136452,166.77040347340207,63.07302252282464,0.00707132659972201,BUY,-0.001443213539512267
2023-10-23,174.13118031755593,174.18713898489725,171.57569587864035,172.40836677330822,172.40836677330822,3124395,0.003112185391329847,168.8324851971358,167.0209644326934,64.54014357178853,0.007056539825783811,BUY,0.003112185391329847
2023-10-24,175.21318635965375,175.1257904631404,172.048285755155,173.69185214624943,173.69185214624943,2281233,0.007444449460093816,169.008038883353,167.2875675000072,67.84168524622098,0.0070006494945513975,BUY,0.007444449460093816
2023-10-25,174.97107854031148,176.98488396704494,175.37000385132555,176.33688878745056,176.33688878745056,1789585,0.015228328839363092,169.3475897531391,167.57375323555755,73.34877798714173,0.007579631501206386,BUY,0.015228328839363092
2023-10-26,175.12860276610974,175.4804564244669,174.03095354350702,175.1179949619616,175.1179949619616,4990783,-0.006912301979866253,169.64068471507017,167.82098633951853,67.60342549679582,0.007799488026180621,BUY,-0.006912301979866253
2023-10-27,173.9933972961517,175.85113089730075,174.27524858689037,174.59995111475604,174.59995111475604,3478085,-0.0029582559309115908,169.9797474263619,168.04877310052365,65.26361727106969,0.0075104455522708126,BUY,-0.0029582559309115908
